team_name,team_acronym,match_numbers,champion_kills_per_game,first_baron_rate,winning_rate,net_building_destroyed_per_game,epic_monster_killed_per_game,vision_scores_per_game,team_capital_letter,combat_score,reference_label,league,region,Rank
T1,T1,137,12.71,0.61,0.61,2.93,4.6,161.99,T,1000,T1,Worlds,INTERNATIONAL,1
Gen.G,GEN,123,14.13,0.58,0.72,3.86,4.5,162.84,G,895.4,Gen.G,Worlds,INTERNATIONAL,2
kt Rolster,KT,114,13.13,0.62,0.69,3.25,4.3,154.69,K,809.44,kt Rolster,LCK,KOREA,3
Hanwha Life Esports,HLE,107,11.31,0.47,0.55,0.62,3.85,169.41,H,806.86,Hanwha Life Esports,Worlds,INTERNATIONAL,4
Dplus Kia,DK,87,12.06,0.57,0.59,1.86,4.54,164.29,D,709.47,Dplus Kia,Worlds,INTERNATIONAL,5
Liiv SANDBOX,LSB,90,10.79,0.5,0.42,-1.64,3.57,170.78,L,677.32,Liiv SANDBOX,LCK,KOREA,6
DRX,DRX,90,9.01,0.33,0.31,-3.86,3.13,154.64,D,651.36,DRX,Worlds,INTERNATIONAL,7
NongShim REDFORCE,NS,85,9.16,0.26,0.26,-4.91,3,151.98,N,633.29,NongShim REDFORCE,LCK,KOREA,8
OKSavingsBank BRION,BRO,89,8.39,0.39,0.31,-3.63,3.47,166.15,O,595.12,OKSavingsBank BRION,LCK,KOREA,9
Kwangdong Freecs,KDF,82,9.09,0.24,0.33,-2.4,3.28,160.12,K,587.88,Kwangdong Freecs,LCK,KOREA,10
GAM Esports,GAM,93,16.65,0.62,0.71,3.7,4.57,143.76,G,571.99,GAM Esports,Worlds,INTERNATIONAL,11
Team Liquid Honda Challengers,TL,96,14.82,0.51,0.62,1.79,4.69,150.05,T,565.99,Team Liquid Honda Challengers,LCS Challengers,NORTH AMERICA,12
DK Challengers,DK,127,13.54,0.61,0.66,2.59,4.28,151.19,D,549.3,DK Challengers,LCK Challengers,KOREA,13
FlyQuest Challengers,FLY,92,15.96,0.58,0.62,2.83,4.03,132.28,F,531.2,FlyQuest Challengers,LCS Challengers,NORTH AMERICA,14
DRX Challengers,DRX,116,13.24,0.55,0.62,2.76,4.3,160.03,D,521.94,DRX Challengers,LCK Challengers,KOREA,15
Cincinnati Fear,FEAR,97,15.64,0.52,0.59,1.48,4.02,116.03,C,515.96,Cincinnati Fear,LCS Challengers,NORTH AMERICA,16
Team GO,GO,88,15.5,0.55,0.65,1.76,4.23,150.05,T,512.4,Team GO,La Ligue Fran?aise,EMEA,17
G2 Esports,G2,82,17.72,0.62,0.71,4.04,4.63,144.61,G,492.72,G2 Esports,Worlds,INTERNATIONAL,18
Golden Guardians,GG,83,13.93,0.57,0.57,1.65,4.06,153.7,G,491.04,Golden Guardians,MSI,INTERNATIONAL,19
HLE Challengers,HLE,104,14.01,0.58,0.58,1.12,4.54,154.97,H,485.39,HLE Challengers,LCK Challengers,KOREA,20
Movistar Riders,MRS,81,17.67,0.59,0.63,2.99,4.51,130.62,M,485.34,Movistar Riders,SuperLiga,EMEA,21
TEAM WHALES,TW,83,14.81,0.59,0.59,1.66,4.6,164.82,T,477.02,TEAM WHALES,VCS,VIETNAM,22
Unicorns of Love Sexy Edition,USE,86,15.28,0.6,0.7,2.63,4.17,141.87,U,476.93,Unicorns of Love Sexy Edition,Prime League,EMEA,23
T1 Esports Academy,T1,103,12.54,0.44,0.46,-0.62,4.19,159.64,T,466.9,T1 Esports Academy,LCK Challengers,KOREA,24
NONGSHIM ESPORTS ACADEMY,NS,105,12.75,0.56,0.61,1.51,4.03,149.24,N,462.11,NONGSHIM ESPORTS ACADEMY,LCK Challengers,KOREA,25
AOE Gold,AOE,83,13.72,0.42,0.43,-1.37,3.86,128.64,A,459,AOE Gold,LCS Challengers Qualifiers,NORTH AMERICA,26
Anorthosis Famagusta Esports,ANO,80,15.95,0.59,0.66,3.2,4.11,142.01,A,458.84,Anorthosis Famagusta Esports,Greek Legends League,EMEA,27
kt Challengers,KT,101,12.92,0.53,0.59,1.53,4.15,154.75,K,454.69,kt Challengers,LCK Challengers,KOREA,28
MAD Lions,MAD,81,14.25,0.51,0.51,0.52,3.85,138.89,M,450.24,MAD Lions,Worlds,INTERNATIONAL,29
Maryville University,MU,77,16.52,0.58,0.53,1.23,4.08,140.55,M,449.63,Maryville University,College Championship,NORTH AMERICA,30
SK Gaming Prime,SKP,74,16.38,0.64,0.69,3.85,4.86,151.07,S,445.46,SK Gaming Prime,Prime League,EMEA,31
RED Kalunga,RED,57,14.89,0.56,0.58,0.86,4.77,172.49,R,444.87,RED Kalunga,Worlds,INTERNATIONAL,32
DenizBank ?stanbul Wildcats,IW,72,18.04,0.75,0.82,6.06,4.96,157.1,D,444.8,DenizBank ?stanbul Wildcats,EMEA Masters,EMEA,33
Wildcard,WC,84,15.1,0.56,0.55,-0.17,4.19,134.98,W,438.39,Wildcard,LCS Challengers,NORTH AMERICA,34
Evil Geniuses Challengers,EG,88,12.58,0.44,0.42,-1.52,3.39,135.61,E,438.29,Evil Geniuses Challengers,LCS Challengers,NORTH AMERICA,35
CTBC Flying Oyster,CFO,72,13.67,0.56,0.6,2,4.74,171.76,C,437.81,CTBC Flying Oyster,Worlds,INTERNATIONAL,36
Team Flash,TF,70,12.26,0.4,0.4,-1.66,3.87,169.9,T,431.9,Team Flash,VCS,VIETNAM,37
KaBuM! Academy,KBM,53,16.68,0.62,0.57,1.94,4.7,198.58,K,430.62,KaBuM! Academy,CBLOL Academy,BRAZIL,38
LOUD,LLL,60,14.95,0.63,0.7,3.1,4.72,158.52,L,426.36,LOUD,Worlds,INTERNATIONAL,39
Fukuoka SoftBank HAWKS gaming,SHG,75,13.53,0.57,0.65,3.13,4.45,150.69,F,425.32,Fukuoka SoftBank HAWKS gaming,LJL,JAPAN,40
FENNEL,FL,74,13.45,0.57,0.51,0.07,3.38,141.04,F,419.72,FENNEL,LJL,JAPAN,41
Saigon Buffalo Esports,SGB,77,13.38,0.47,0.52,0.06,3.96,163.09,S,411.49,Saigon Buffalo Esports,Worlds,INTERNATIONAL,42
Cloud9,C9,69,14.25,0.55,0.7,3.2,4.64,158.13,C,409.96,Cloud9,Worlds,INTERNATIONAL,43
Team Secret,TS,72,12.83,0.46,0.44,-0.61,3.53,156.08,T,409.52,Team Secret,VCS,VIETNAM,44
Bilibili Gaming Pingan Bank,BLG,74,16.72,0.61,0.69,3.59,4.45,164.3,B,409.2,Bilibili Gaming Pingan Bank,MSI,INTERNATIONAL,45
The Chiefs,CHF,69,17.88,0.54,0.58,1.36,4.28,135.03,T,408.14,The Chiefs,Worlds,INTERNATIONAL,46
Frank Esports,FAK,70,13.44,0.66,0.59,1.87,4.44,164.37,F,408.13,Frank Esports,PCS,"HONG KONG, MACAU, TAIWAN",47
CERBERUS ESPORTS,CES,84,13.88,0.54,0.48,-0.57,4.04,152.23,C,407.33,CERBERUS ESPORTS,VCS,VIETNAM,48
Gen.G Global Academy,GEN,91,11.95,0.42,0.37,-2.21,3.6,158.27,G,405.95,Gen.G Global Academy,LCK Challengers,KOREA,49
Sengoku Gaming,SG,73,14.32,0.64,0.67,3.71,4.48,135.14,S,398.46,Sengoku Gaming,LJL,JAPAN,50
Movistar R7,R7,68,16.49,0.59,0.65,2.41,4.31,142.91,M,398.27,Movistar R7,Worlds,INTERNATIONAL,51
TSM,TSM,46,11.72,0.41,0.43,-2.33,3.63,146.59,T,396.97,TSM,Worlds,INTERNATIONAL,52
PSG Talon,PSG,65,15.6,0.6,0.75,4.69,5.05,166.74,P,394.73,PSG Talon,Worlds,INTERNATIONAL,53
Los Heretics,HRTS,63,15.62,0.52,0.59,2.05,4.94,166.44,L,392.63,Los Heretics,SuperLiga,EMEA,54
INTZ,ITZ,47,14.72,0.51,0.47,0.3,4.26,158.3,I,388.2,INTZ,Worlds,INTERNATIONAL,55
Liiv SANDBOX Youth,LSB,87,11.93,0.33,0.33,-3.18,3.32,157.3,L,386.59,Liiv SANDBOX Youth,LCK Challengers,KOREA,56
DetonatioN FocusMe,DFM,69,16.41,0.7,0.75,4.91,4.43,142.67,D,385.83,DetonatioN FocusMe,Worlds,INTERNATIONAL,57
Team Fish Taco,TACO,68,14.74,0.38,0.4,-2.16,3.57,121.5,T,384.24,Team Fish Taco,LCS Challengers Qualifiers,NORTH AMERICA,58
Macko Esports,MCK,63,17.48,0.68,0.79,5.6,5.06,133.52,M,381.73,Macko Esports,PG Nationals,EMEA,59
WLGaming Esports,WLG,68,17.4,0.56,0.65,2.07,4.41,133.56,W,379.18,WLGaming Esports,Greek Legends League,EMEA,60
FURIA,FUR,47,12.55,0.47,0.49,-0.6,4.51,181.55,F,372.78,FURIA,CBLOL,BRAZIL,61
Diamant Esports,DIA,63,14.13,0.67,0.62,2.41,4.98,137.27,D,370.41,Diamant Esports,Esports Balkan League,EMEA,62
Los Grandes,LOS,48,13.19,0.44,0.5,-0.83,4.17,157.48,L,370.06,Los Grandes,CBLOL,BRAZIL,63
Vivo Keyd Stars,VKS,45,14.73,0.47,0.42,-0.62,4.18,156.96,V,369.75,Vivo Keyd Stars,CBLOL,BRAZIL,64
Disguised,DSG,50,14.74,0.62,0.66,3.14,4.7,150.06,D,367.45,Disguised,LCS Challengers,NORTH AMERICA,65
Orbit Anonymo,OAE,63,16.98,0.57,0.63,1.6,4.32,118.08,O,367.03,Orbit Anonymo,Ultraliga,EMEA,66
DSYRE,DSYR,63,16.43,0.57,0.6,2.43,4.16,137.29,D,365.94,DSYRE,PG Nationals,EMEA,67
paiN Academy,PNG,43,13.14,0.35,0.51,0.28,3.86,160.58,P,365.81,paiN Academy,CBLOL Academy,BRAZIL,68
Six Karma,6K,60,15.08,0.57,0.58,2,4.78,156.42,S,365.23,Six Karma,LLA,LATIN AMERICA,69
Beyond Gaming,BYG,62,14.34,0.53,0.65,3.31,4.26,174.26,B,363.77,Beyond Gaming,Worlds,INTERNATIONAL,70
Team Bliss,TB,61,16.46,0.51,0.57,1.66,4.54,140.38,T,363.47,Team Bliss,PCS,"HONG KONG, MACAU, TAIWAN",71
KDF Challengers,KDF,84,10.67,0.27,0.27,-3.43,3.6,138.19,K,359.09,KDF Challengers,LCK Challengers,KOREA,72
FUT ESPORTS,FUT,63,15.81,0.51,0.59,1.41,4.14,140.17,F,357.31,FUT ESPORTS,EMEA Masters,EMEA,73
Beijing JDG Intel Esports Club,JDG,64,15.69,0.55,0.78,4.52,4.08,155.25,B,355.9,Beijing JDG Intel Esports Club,Worlds,INTERNATIONAL,74
Supernova,SN,64,14.05,0.45,0.42,-1.55,3.75,119.31,S,355.05,Supernova,LCS Challengers Qualifiers,NORTH AMERICA,75
eSuba,ESB,63,15.73,0.56,0.52,1.32,4.21,128.79,E,354.97,eSuba,Hitpoint Masters,EMEA,76
BRO Challengers,BRO,82,11.15,0.41,0.33,-3.04,3.43,143.6,B,354.23,BRO Challengers,LCK Challengers,KOREA,77
KRC Genk Esports,GENK,63,15.44,0.62,0.59,3.13,4.59,133.83,K,353.68,KRC Genk Esports,Elite Series,EMEA,78
Team BDS,BDS,59,13.8,0.56,0.56,0.1,4.47,163.41,T,353.19,Team BDS,LEC,EMEA,79
GTZ Esports,GTZ,64,17.69,0.75,0.75,4.91,4.67,114.67,G,351.24,GTZ Esports,Liga Portuguesa,EMEA,80
Estral Esports,EST,58,14.12,0.57,0.62,2.22,4.47,155.22,E,346.45,Estral Esports,LLA,LATIN AMERICA,81
SHANGHAI EDWARD GAMING HYCAN,EDG,62,12.31,0.47,0.47,-0.11,3.76,160.37,S,343.88,SHANGHAI EDWARD GAMING HYCAN,Worlds,INTERNATIONAL,82
Deep Cross Gaming,DCG,56,13.45,0.57,0.52,1.41,4.25,169.54,D,339.71,Deep Cross Gaming,PCS,"HONG KONG, MACAU, TAIWAN",83
Zero Tenacity,Z10,59,17.97,0.71,0.71,4.12,4.44,130.22,Z,339.02,Zero Tenacity,Esports Balkan League,EMEA,84
paiN Gaming,PNG,62,13.94,0.56,0.63,2.11,4.5,189.89,P,337.49,paiN Gaming,MSI,INTERNATIONAL,85
White Dragons,WD,62,12.95,0.45,0.48,-0.21,4.16,132.15,W,336.95,White Dragons,Liga Portuguesa,EMEA,86
BK ROG Esports,BKR,57,15.33,0.68,0.54,2.16,4.35,141.81,B,335.07,BK ROG Esports,La Ligue Fran?aise,EMEA,87
Team Liquid Honda,TL,57,12.93,0.53,0.51,1.3,4.56,157.84,T,334.63,Team Liquid Honda,Worlds,INTERNATIONAL,88
FLUXO,FX,44,13.77,0.48,0.52,0.93,4.02,159.75,F,334.21,FLUXO,CBLOL,BRAZIL,89
Wap Esports,WAP,61,15.43,0.57,0.64,1.79,4.33,127.33,W,328.73,Wap Esports,South Regional League,LATIN AMERICA SOUTH,90
Alior Bank Team,AB,62,13.85,0.37,0.48,-0.02,3.6,134.73,A,324.45,Alior Bank Team,Ultraliga,EMEA,91
Entropiq,EIQ,57,16.44,0.61,0.74,4.39,4.32,139.21,E,322.99,Entropiq,Hitpoint Masters,EMEA,92
Partizan Esports,PAR,59,14.88,0.51,0.66,1.78,4.14,144.08,P,321.78,Partizan Esports,Esports Balkan League,EMEA,93
Vivo Keyd Stars Academy,VKS,61,15.75,0.54,0.64,2.38,4.59,149.39,V,319.74,Vivo Keyd Stars Academy,CBLOL Academy,BRAZIL,94
Aegis,AEG,62,14.32,0.52,0.5,-0.06,4.15,134.77,A,318.89,Aegis,La Ligue Fran?aise,EMEA,95
AXIZ,AXZ,65,11.74,0.37,0.35,-3.03,3.54,143.89,A,312.44,AXIZ,LJL,JAPAN,96
Fuego,FUE,55,18,0.69,0.76,6.13,4.87,122.87,F,312.31,Fuego,North Regional League,LATIN AMERICA NORTH,97
TOP ESPORTS,TES,56,13.38,0.5,0.57,0.59,4.02,155.48,T,311.24,TOP ESPORTS,Worlds,INTERNATIONAL,98
Berlin International Gaming,BIG,54,15.22,0.5,0.56,0.89,4.35,140.87,B,310.22,Berlin International Gaming,Prime League,EMEA,99
Isurus,ISG,54,13.94,0.48,0.52,-0.11,3.74,150.22,I,309.46,Isurus,Worlds,INTERNATIONAL,100
Fnatic,FNC,51,13.82,0.47,0.49,-0.45,3.73,148.04,F,309.06,Fnatic,Worlds,INTERNATIONAL,101
Burning Core,BC,60,11.97,0.4,0.42,-1.37,3.28,132.87,B,307.72,Burning Core,LJL,JAPAN,102
Suzhou LNG Esports,LNG,64,14.59,0.62,0.64,2.03,4.06,152.53,S,307.3,Suzhou LNG Esports,Worlds,INTERNATIONAL,103
Primate,PMT,53,15.53,0.68,0.7,4.3,4.77,139.7,P,301.15,Primate,South Regional League,LATIN AMERICA SOUTH,104
Finetwork KOI,FNK,48,13,0.54,0.44,-1,4.02,160.6,F,298.24,Finetwork KOI,SuperLiga,EMEA,105
EXCEL,XL,51,13.04,0.43,0.37,-2.27,4.02,158.69,E,297.61,EXCEL,LEC,EMEA,106
WeiboGaming FAW AUDI,WBG,57,13.49,0.58,0.63,2.56,3.96,159.81,W,297.5,WeiboGaming FAW AUDI,Worlds,INTERNATIONAL,107
Liberty,LBR,36,10.28,0.33,0.19,-4.58,3.42,160.92,L,296.8,Liberty,CBLOL,BRAZIL,108
100 Thieves,100,51,11.31,0.47,0.43,-1.69,4,145.73,#,295.78,100 Thieves,Worlds,INTERNATIONAL,109
Evil Geniuses LG,EG,53,12.68,0.58,0.51,0.94,4.13,150.25,E,295.4,Evil Geniuses LG,Worlds,INTERNATIONAL,110
LDLC OL,LDLC,54,13.15,0.56,0.56,0.76,3.96,148.31,L,295.06,LDLC OL,La Ligue Fran?aise,EMEA,111
NRG,NRG,38,15.29,0.58,0.55,0.89,4.5,205.11,N,294.88,NRG,LCS,NORTH AMERICA,112
MGN Box Esports,MBE,60,10.55,0.27,0.18,-5.52,2.8,141.85,M,294.72,MGN Box Esports,VCS,VIETNAM,113
INFINITY,INF,53,13.98,0.53,0.53,1.57,3.85,156.72,I,291.63,INFINITY,Worlds,INTERNATIONAL,114
Bisons,BSO,52,16.29,0.56,0.54,-0.63,3.65,136.94,B,291.16,Bisons,SuperLiga,EMEA,115
SK Gaming,SK,52,12.37,0.52,0.44,-1.1,3.75,157.46,S,290.82,SK Gaming,LEC,EMEA,116
Papara SuperMassive ,SUP,52,14.52,0.42,0.5,-0.33,4.17,154.63,P,288.63,Papara SuperMassive ,EMEA Masters,EMEA,117
Waia Snikt,WS,52,17.33,0.54,0.6,3.17,4.31,142.37,W,282.09,Waia Snikt,North Regional League,LATIN AMERICA NORTH,118
Nord Esports,NORD,56,16.71,0.54,0.59,2.2,3.96,124.52,N,278.78,Nord Esports,NLC,EMEA,119
Descuydado Aucas Esports,DSC,51,12.69,0.49,0.59,0.43,3.73,125.88,D,277.99,Descuydado Aucas Esports,North Regional League,LATIN AMERICA NORTH,120
Verdant,VER,54,14.65,0.61,0.56,1.69,4.5,136,V,277.94,Verdant,NLC,EMEA,121
Peek Gaming,PK,57,14.6,0.4,0.51,-0.51,4.21,130,P,277.42,Peek Gaming,North Regional League,LATIN AMERICA NORTH,122
Dignitas,DIG,44,10.59,0.25,0.32,-3.7,2.95,154.55,D,275.62,Dignitas,LCS,NORTH AMERICA,123
NASR ESPORTS,NASR,48,14.46,0.5,0.48,-0.94,4,156.12,N,274.55,NASR ESPORTS,EMEA Masters,EMEA,124
Cloud9 Challengers,C9,48,16.19,0.77,0.75,6.06,4.98,141.92,C,273.98,Cloud9 Challengers,LCS Challengers,NORTH AMERICA,125
FlyQuest,FLY,48,12.83,0.52,0.52,0.65,4.27,155.06,F,269.8,FlyQuest,Worlds,INTERNATIONAL,126
Karmine Corp,KC,50,15.44,0.5,0.62,1.9,4.28,133.18,K,269.56,Karmine Corp,La Ligue Fran?aise,EMEA,127
Crest Gaming Act,CGA,53,10.25,0.3,0.32,-4.21,3.38,137.32,C,267.31,Crest Gaming Act,LJL,JAPAN,128
Eintracht Spandau,EINS,46,13.17,0.59,0.59,2.33,4.54,150.13,E,266.97,Eintracht Spandau,Prime League,EMEA,129
Team Heretics,TH,43,14.63,0.42,0.44,-0.79,4.53,158.58,T,266.86,Team Heretics,LEC,EMEA,130
Team Ambition,TA,46,16.43,0.52,0.57,1.28,3.85,116.78,T,266.02,Team Ambition,LCS Challengers Qualifiers,NORTH AMERICA,131
Mousesports,MOUZ,48,13.9,0.6,0.48,0.19,4.4,129.56,M,265.78,Mousesports,Prime League,EMEA,132
Los Grandes Academy,LOS,51,13.73,0.47,0.45,-1.47,3.63,164.65,L,265.16,Los Grandes Academy,CBLOL Academy,BRAZIL,133
Globant Emerald Team,GET,43,13.74,0.49,0.47,-0.16,4.14,155.07,G,264.8,Globant Emerald Team,South Regional League,LATIN AMERICA SOUTH,134
Cyber Wolves Esports,CWE,48,15.75,0.54,0.58,2.12,4.54,124.65,C,263.89,Cyber Wolves Esports,Esports Balkan League,EMEA,135
SBTC ESPORTS,SE,56,13.89,0.41,0.54,0.61,3.39,148.86,S,263.88,SBTC ESPORTS,VCS,VIETNAM,136
INTZ Academy,ITZ,51,12.71,0.47,0.49,0.43,3.96,141,I,263.09,INTZ Academy,CBLOL Academy,BRAZIL,137
Team 7AM,7AM,54,16.76,0.56,0.59,2.44,3.87,114.04,T,259.41,Team 7AM,Elite Series,EMEA,138
RED Academy,RED,46,14.13,0.57,0.46,0.04,4.28,162.39,R,258.57,RED Academy,CBLOL Academy,BRAZIL,139
Spectacled Bears,SB,47,14.13,0.47,0.49,-0.64,3.81,129.79,S,257.85,Spectacled Bears,South Regional League,LATIN AMERICA SOUTH,140
Eclipse Gaming,ECG,47,16.3,0.51,0.51,0.34,4.4,143.7,E,257.66,Eclipse Gaming,South Regional League,LATIN AMERICA SOUTH,141
KOI,KOI,51,11.59,0.31,0.41,-1.96,2.86,146.24,K,255.61,KOI,Worlds,INTERNATIONAL,142
Saprissa Esports,SAP,43,16.47,0.63,0.79,5.72,4.58,143.16,S,255.49,Saprissa Esports,North Regional League,LATIN AMERICA NORTH,143
Pirate Dream,PD,42,16.19,0.67,0.6,2.21,4.4,136.24,P,255.2,Pirate Dream,North Regional League,LATIN AMERICA NORTH,144
Bandits Gaming,BAN,39,14.44,0.69,0.72,3.28,4.79,149.38,B,252.9,Bandits Gaming,North Regional League,LATIN AMERICA NORTH,145
Liberty Academy,LBR,46,14.35,0.43,0.48,-1.3,3.96,158.02,L,248.89,Liberty Academy,CBLOL Academy,BRAZIL,146
Vitality.Bee,VITB,44,12.73,0.45,0.5,-0.2,4,136.84,V,247.08,Vitality.Bee,La Ligue Fran?aise,EMEA,147
FURIA Academy,FUR,45,13.31,0.47,0.42,-1.64,3.84,154.42,F,246.64,FURIA Academy,CBLOL Academy,BRAZIL,148
Winthrop University,WU,41,17.34,0.49,0.56,1.46,3.71,116.34,W,246.42,Winthrop University,LCS Challengers Qualifiers,NORTH AMERICA,149
Schalke 04 Esports,S04,44,13.23,0.55,0.52,-0.89,3.98,153.07,S,245.9,Schalke 04 Esports,Prime League,EMEA,150
Team Vitality,VIT,45,13.4,0.47,0.47,-0.36,3.87,149.58,T,245.34,Team Vitality,LEC,EMEA,151
Furious Gaming,FG,42,14.71,0.57,0.52,0.69,3.79,146.26,F,244.57,Furious Gaming,South Regional League,LATIN AMERICA SOUTH,152
Nativz,NTZ,44,12.98,0.39,0.48,-1.23,3.41,133.52,N,240.72,Nativz,NLC,EMEA,153
Rebels,RBLS,44,13.55,0.48,0.55,0.25,4.3,146.7,R,238.48,Rebels,SuperLiga,EMEA,154
Osaka,OSK,37,13,0.35,0.24,-4.68,3.22,139.68,O,236.2,Osaka,North Regional League,LATIN AMERICA NORTH,155
Giants,GIA,45,12.47,0.49,0.51,0.24,4.56,136.13,G,236.1,Giants,SuperLiga,EMEA,156
FLUXO Academy,FX,41,14,0.51,0.46,-1.05,4.2,149.73,F,235.66,FLUXO Academy,CBLOL Academy,BRAZIL,157
Dignitas Challengers,DIG,45,13.84,0.58,0.71,4.2,3.96,122.56,D,234.73,Dignitas Challengers,LCS Challengers,NORTH AMERICA,158
Maturalni Forsaken,MFSK,47,14.68,0.51,0.51,-0.6,4.11,124.85,M,232.67,Maturalni Forsaken,Ultraliga,EMEA,159
Anubis Gaming,ANB,35,17.14,0.49,0.6,1.37,4.43,128.49,A,231.78,Anubis Gaming,Arabian League,EMEA,160
Tomorrow Esports,TMR,44,14.02,0.48,0.41,-0.98,3.5,156.7,T,231.23,Tomorrow Esports,North Regional League,LATIN AMERICA NORTH,161
Astralis,AST,42,11.98,0.4,0.4,-1.4,3.52,141.14,A,230.58,Astralis,LEC,EMEA,162
Janus Esports,JNS,32,13.19,0.5,0.44,-1.03,3.78,150.84,J,227.11,Janus Esports,North Regional League,LATIN AMERICA NORTH,163
Bar?a Esports,BAR,44,13.34,0.5,0.55,1.14,3.64,140.34,B,226.58,Bar?a Esports,SuperLiga,EMEA,164
Golden Guardians Challengers,GG,41,15.37,0.59,0.59,1.41,4.46,105.9,G,225.55,Golden Guardians Challengers,LCS Challengers,NORTH AMERICA,165
Illuminar Gaming,IHG,43,12.88,0.47,0.44,-0.51,3.77,134.98,I,225.23,Illuminar Gaming,Ultraliga,EMEA,166
Solary,SLY,42,12.36,0.43,0.5,-0.19,4.05,136.1,S,223.04,Solary,La Ligue Fran?aise,EMEA,167
Nigma Galaxy,NGX,38,17.76,0.55,0.63,2.61,3.5,129.16,N,222.12,Nigma Galaxy,Arabian League,EMEA,168
Anc Outplayed,OP,47,16.43,0.4,0.51,-0.53,4.02,125.3,A,221.33,Anc Outplayed,PG Nationals,EMEA,169
J Team,JT,42,12.9,0.6,0.55,0.9,3.57,137.1,J,220.62,J Team,PCS,"HONG KONG, MACAU, TAIWAN",170
Team BDS Academy,BDSA,42,12.4,0.48,0.43,-0.83,3.88,134.4,T,220.62,Team BDS Academy,La Ligue Fran?aise,EMEA,171
FnaticTQ,FNTQ,42,14.52,0.36,0.48,-0.9,4.07,126.05,F,219.56,FnaticTQ,SuperLiga,EMEA,172
Malvinas Rise,MVG,38,14.05,0.39,0.5,-0.03,3.97,126.05,M,219.28,Malvinas Rise,South Regional League,LATIN AMERICA SOUTH,173
Dynamo Eclot,DNE,40,17.77,0.57,0.57,2.05,4.47,127.47,D,218.97,Dynamo Eclot,Hitpoint Masters,EMEA,174
Dire Wolves,DW,40,15.32,0.5,0.53,1.3,3.62,136.72,D,218.73,Dire Wolves,LCO,OCEANIA,175
GameWard,GW,40,10.62,0.38,0.42,-1.4,4.17,145.5,G,215.33,GameWard,La Ligue Fran?aise,EMEA,176
Geekay Esports,GK,36,18.06,0.61,0.64,2.08,4.61,143.58,G,215.27,Geekay Esports,Arabian League,EMEA,177
LOUD Academy,LLL,35,13.63,0.4,0.46,-0.91,4.14,150.26,L,212.96,LOUD Academy,CBLOL Academy,BRAZIL,178
Royal Never Give Up,RNG,44,13.75,0.45,0.52,1.36,4.09,161.05,R,212.42,Royal Never Give Up,Worlds,INTERNATIONAL,179
Eintracht Frankfurt,SGE,36,14.08,0.28,0.28,-3.33,3.92,156.47,E,211.67,Eintracht Frankfurt,Prime League,EMEA,180
BRUTE,BRT,44,13.02,0.45,0.41,-2.82,3.45,121.73,B,211.24,BRUTE,Hitpoint Masters,EMEA,181
TSM Challengers,TSM,37,14.16,0.38,0.43,-0.57,3.73,125.35,T,209.33,TSM Challengers,LCS Challengers,NORTH AMERICA,182
KaBuM! Esports,KBM,36,11.97,0.31,0.22,-4.81,3.28,174.17,K,208.25,KaBuM! Esports,CBLOL,BRAZIL,183
V3 Esports,V3,49,7.69,0.14,0.08,-7.71,1.8,126.31,V,207.7,V3 Esports,Worlds,INTERNATIONAL,184
Impunity Esports,IMP,52,11.88,0.4,0.4,-2.23,3.15,129.5,I,207.5,Impunity Esports,PCS,"HONG KONG, MACAU, TAIWAN",185
Immortals Progressive Challengers,IMT,37,15.3,0.46,0.49,0.19,3.54,124.7,I,205.76,Immortals Progressive Challengers,LCS Challengers,NORTH AMERICA,186
Meta Gaming,MG,36,14.89,0.33,0.47,-0.72,3.81,137.78,M,204.86,Meta Gaming,South Regional League,LATIN AMERICA SOUTH,187
RAAD,RAAD,35,17.49,0.57,0.54,1.4,4.14,142.14,R,202.79,RAAD,Arabian League,EMEA,188
FTW Esports,FTW,40,13.68,0.57,0.53,1.5,3.73,130.38,F,201.83,FTW Esports,Liga Portuguesa,EMEA,189
Be?ikta?,BJK,37,12.32,0.54,0.38,-1,4.16,132.73,B,196.35,Be?ikta?,TCL,EMEA,190
UCAM,UCAM,36,11.81,0.42,0.33,-2.75,3.64,124.81,U,195.89,UCAM,SuperLiga,EMEA,191
Komil&Friends,KNF,36,12.78,0.28,0.19,-5.11,3.14,120.64,K,192.99,Komil&Friends,Ultraliga,EMEA,192
IZIDREAM,IZI,36,10.08,0.31,0.25,-4.64,3.33,132.22,I,192.29,IZIDREAM,La Ligue Fran?aise,EMEA,193
Dark Passage,DP,38,12.95,0.42,0.45,-1.66,3.42,134.58,D,189.74,Dark Passage,TCL,EMEA,194
GamerLegion,GL,35,12.29,0.37,0.31,-3.2,3.37,135.11,G,189.68,GamerLegion,Prime League,EMEA,195
Grypciocraft Esports,GRP,44,15.05,0.43,0.45,-0.16,3.7,117.18,G,185.31,Grypciocraft Esports,Ultraliga,EMEA,196
Mirage Alliance,MIR,27,18,0.7,0.74,4.48,4.19,119.63,M,183.76,Mirage Alliance,LCS Challengers Qualifiers,NORTH AMERICA,197
Crvena Zvezda Esports,CZV,32,13.16,0.59,0.47,0.78,4.41,134.22,C,183.08,Crvena Zvezda Esports,Esports Balkan League,EMEA,198
E WIE EINFACH E-SPORTS,EWI,36,10.72,0.25,0.33,-3.69,3.31,109.56,E,178.4,E WIE EINFACH E-SPORTS,Prime League,EMEA,199
Pentanet.GG,PGG,33,15.97,0.48,0.52,0.61,3.55,135.21,P,178.29,Pentanet.GG,MSI,INTERNATIONAL,200
Topo Centras Iron Wolves,WOLF,39,13.41,0.36,0.41,-1.74,3.51,116.23,T,177.88,Topo Centras Iron Wolves,Ultraliga,EMEA,201
SINNERS Esports,SIN,32,17.56,0.56,0.5,1.59,3.81,125.34,S,177.46,SINNERS Esports,Hitpoint Masters,EMEA,202
CLG,CLG,26,12,0.46,0.42,-1.23,4.04,158.58,C,175.95,CLG,LCS,NORTH AMERICA,203
Guasones,GSNS,36,11.89,0.39,0.17,-4.81,2.81,139.03,G,175.62,Guasones,SuperLiga,EMEA,204
Team Phantasma,TP,39,13.21,0.54,0.44,-0.74,4.15,121.23,T,173.77,Team Phantasma,Greek Legends League,EMEA,205
EXEED,EXD,36,13.06,0.44,0.36,-2.61,3.81,119.14,E,172.01,EXEED,Ultraliga,EMEA,206
Lit Esports,LIT,31,15.13,0.42,0.52,-0.55,3.1,102.1,L,171.54,Lit Esports,LCS Challengers Qualifiers,NORTH AMERICA,207
Odivelas Sports Club,OSC,35,13.69,0.46,0.46,-0.8,4.06,128.43,O,170.83,Odivelas Sports Club,Liga Portuguesa,EMEA,208
Hell Pigs,HPS,35,11,0.43,0.37,-3.63,3.4,125.94,H,170.26,Hell Pigs,PCS,"HONG KONG, MACAU, TAIWAN",209
CCG Esports,CCG,27,16.15,0.33,0.44,-0.26,3.52,131.37,C,169.26,CCG Esports,LCS Challengers Qualifiers,NORTH AMERICA,210
Immortals Progressive,IMT,36,9.78,0.25,0.25,-5.39,2.72,151.97,I,168.89,Immortals Progressive,LCS,NORTH AMERICA,211
Team Aze,AZE,32,10.47,0.19,0.22,-5.78,3.06,153.53,T,166.88,Team Aze,MSI,INTERNATIONAL,212
EBRO,EBG,31,11.55,0.48,0.39,-3.06,3.45,137.19,E,165.29,EBRO,South Regional League,LATIN AMERICA SOUTH,213
Gamespace Mediterranean College Esports,GSMC,34,14.12,0.53,0.41,-0.18,3.71,118.88,G,164,Gamespace Mediterranean College Esports,Greek Legends League,EMEA,214
NNO Prime,NNO,36,8.75,0.28,0.17,-4.83,3,136.14,N,163.94,NNO Prime,Prime League,EMEA,215
Leviat¨¢n Esports,LEV,32,10.5,0.34,0.19,-4.59,3,138.38,L,162.9,Leviat¨¢n Esports,LLA,LATIN AMERICA,216
Ruddy Esports,RUD,35,15.2,0.54,0.57,1.29,4.4,122.74,R,161.68,Ruddy Esports,NLC,EMEA,217
BWE Esports,BWE,32,12.41,0.38,0.47,-1.56,3.41,126.44,B,161.46,BWE Esports,Liga Portuguesa,EMEA,218
Cyberground Gaming,CGG,32,16.5,0.47,0.41,-2.03,3.38,110.38,C,158.29,Cyberground Gaming,PG Nationals,EMEA,219
Dewish Team,DWT,36,9.58,0.19,0.11,-7.56,2.31,112.11,D,157.78,Dewish Team,PCS,"HONG KONG, MACAU, TAIWAN",220
ZennIT,ZNT,34,15.24,0.32,0.47,-1.91,3.76,113.15,Z,157.08,ZennIT,Elite Series,EMEA,221
CLG Challengers,CLG,38,15.05,0.58,0.61,3.39,4.55,147.18,C,155.87,CLG Challengers,LCS Challengers,NORTH AMERICA,222
MAMMOTH,MEC,32,13.22,0.41,0.41,-2.06,3,125.97,M,155.73,MAMMOTH,LCO,OCEANIA,223
Team ESCA Gaming,ESCA,36,12.42,0.42,0.31,-3.69,3.28,113.31,T,153.59,Team ESCA Gaming,Ultraliga,EMEA,224
West Point Esports,WP,36,11.33,0.25,0.28,-5.33,2.92,133,W,152.88,West Point Esports,PCS,"HONG KONG, MACAU, TAIWAN",225
All Knights,AK,34,9.26,0.29,0.29,-4.88,2.82,125.32,A,152.42,All Knights,LLA,LATIN AMERICA,226
Atleta Esport,ATE,21,17.29,0.57,0.62,3.14,5.1,131.14,A,152.09,Atleta Esport,PG Nationals,EMEA,227
FL Academy,FL,21,16.57,0.38,0.52,1.29,4,129.05,F,151.88,FL Academy,LJL Academy,JAPAN,228
LGD GAMING,LGD,37,11.38,0.41,0.27,-3.35,3.3,157,L,147.54,LGD GAMING,Worlds,INTERNATIONAL,229
Panathinaikos Esports,PAO,32,13.22,0.34,0.44,-2.47,3,110.66,P,147.03,Panathinaikos Esports,Greek Legends League,EMEA,230
Team Coachify,CFY,12,22.08,0.75,0.58,4.33,5.67,128.83,T,146.63,Team Coachify,LCS Challengers Qualifiers,NORTH AMERICA,231
Invictus Gaming,IG,36,13.14,0.36,0.36,-3.03,3.78,145.47,I,142.12,Invictus Gaming,LPL,CHINA,232
Vanir,VNR,28,15.43,0.46,0.39,-1.96,3.86,124.25,V,141.89,Vanir,NLC,EMEA,233
mCon esports,MCON,28,12,0.5,0.36,-1.96,3.71,132.54,M,141.17,mCon esports,Elite Series,EMEA,234
SHG Academy,SHG,27,17.59,0.63,0.81,5.74,3.96,121.67,S,140.69,SHG Academy,LJL Academy,JAPAN,235
Valiance PRO GAME,VPG,28,12.64,0.29,0.36,-2.75,3.25,114.25,V,139.43,Valiance PRO GAME,Esports Balkan League,EMEA,236
HEET,HEET,32,13.44,0.44,0.5,-1.09,3.72,99.38,H,138.63,HEET,Elite Series,EMEA,237
Team Tony Top,TONY,32,14.5,0.56,0.66,2.38,4.47,137,T,137.78,Team Tony Top,LCS Challengers Qualifiers,NORTH AMERICA,238
V3 Academy,V3,28,13.21,0.5,0.57,1.18,3.57,124.61,V,137.21,V3 Academy,LJL Academy,JAPAN,239
Vipers,VIPS,29,14.79,0.45,0.52,0.76,4.21,126.28,V,136.91,Vipers,N/A,N/A,240
Team Liquid Honda First,TLF,42,10.69,0.17,0.21,-6.02,2.71,98.76,T,136.22,Team Liquid Honda First,LCS Challengers Qualifiers,NORTH AMERICA,241
Spirituals,STS,27,14.11,0.48,0.41,-1.07,3.19,104.26,S,134,Spirituals,N/A,N/A,242
FunPlus Phoenix,FPX,37,10.7,0.32,0.43,-1.81,3.24,149.62,F,133.78,FunPlus Phoenix,Worlds,INTERNATIONAL,243
EGN Esports,EGN,28,12.39,0.46,0.43,-1.39,3.57,131.36,E,133.53,EGN Esports,Liga Portuguesa,EMEA,244
Domino Esports,DMN,29,13.66,0.31,0.31,-3.79,3.17,100.31,D,132.73,Domino Esports,NLC,EMEA,245
100 Thieves Challengers,100,40,14,0.57,0.6,1.73,3.73,109.88,#,131.86,100 Thieves Challengers,LCS Challengers,NORTH AMERICA,246
Zylant Esports,ZLT,25,20.28,0.76,0.84,7.8,5.56,118,Z,131.78,Zylant Esports,N/A,N/A,247
GALAKTICOS,GAL,27,9.7,0.33,0.3,-3.33,3.22,121.93,G,129.76,GALAKTICOS,TCL,EMEA,248
Ankora Gaming,ANK,28,9.82,0.29,0.25,-5.96,2.82,102.04,A,129.1,Ankora Gaming,Esports Balkan League,EMEA,249
Axolotl Esports,AXL,32,14.44,0.44,0.44,-1.38,3.53,103.34,A,128.21,Axolotl Esports,PG Nationals,EMEA,250
SG Academy,SG,23,17.35,0.78,0.74,5.13,4.61,131.04,S,127.56,SG Academy,LJL Academy,JAPAN,251
Eternal Fire,EF,22,13.73,0.45,0.45,0.09,3.95,137.18,E,126.48,Eternal Fire,TCL,EMEA,252
Pentagon Rejects,PTR,28,13.21,0.43,0.32,-3.89,3.71,112.07,P,125.91,Pentagon Rejects,Greek Legends League,EMEA,253
DREN Esports,DREN,28,11.36,0.32,0.29,-4.18,2.43,112.43,D,125.62,DREN Esports,PG Nationals,EMEA,254
webidoo Gaming,WBD,14,13.71,0.43,0.29,-4.21,3.64,114.71,W,124.42,webidoo Gaming,PG Nationals,EMEA,255
FLY FAM,FLYF,36,9.97,0.25,0.14,-6.56,2.64,102.86,F,123.57,FLY FAM,LCS Challengers Qualifiers,NORTH AMERICA,256
Riddle Esports,RDL,28,15.18,0.68,0.71,3.46,4.54,127.5,R,122.82,Riddle Esports,NLC,EMEA,257
Mad Kings,MKE,22,16.27,0.59,0.55,2.14,4.86,128.05,M,121.7,Mad Kings,N/A,N/A,258
CGA  Academy,CGA,23,14.57,0.39,0.48,-1.22,3.43,134.22,C,121.54,CGA  Academy,LJL Academy,JAPAN,259
MAGAZA,MGZ,28,11.93,0.43,0.36,-2.36,3.61,113.11,M,121.52,MAGAZA,Esports Balkan League,EMEA,260
Undead BK,UBK,27,10.11,0.19,0.22,-5.41,2.78,133.26,U,120.68,Undead BK,South Regional League,LATIN AMERICA SOUTH,261
SAMPI,SMP,27,14.22,0.41,0.37,-3.11,3.07,84.52,S,118.96,SAMPI,Hitpoint Masters,EMEA,262
Cryptova,OVA,28,10.25,0.32,0.29,-4.25,3.29,106.71,C,117.69,Cryptova,Hitpoint Masters,EMEA,263
Zeus Kralik,Z5K,29,17.41,0.69,0.72,2.62,4.55,119.83,Z,117.46,Zeus Kralik,N/A,N/A,264
Wild Panthers Esports,WPE,28,13.11,0.32,0.36,-3.14,3,125.96,W,115.47,Wild Panthers Esports,Greek Legends League,EMEA,265
Northern Lions Esports,NLE,28,13.64,0.29,0.29,-4.93,3.64,107.39,N,114.75,Northern Lions Esports,Elite Series,EMEA,266
GeekSide Esports,GSE,24,14.17,0.46,0.54,-0.71,3.83,102.46,G,114.11,GeekSide Esports,N/A,N/A,267
Hell Zerolag Esports,HELL,28,11.57,0.36,0.29,-3.57,2.93,95.39,H,113.77,Hell Zerolag Esports,Greek Legends League,EMEA,268
UniQ Esports,UNIQ,29,11.34,0.28,0.24,-4.69,3.14,109.14,U,111.99,UniQ Esports,NLC,EMEA,269
Universitario Esports,UE,22,13.68,0.32,0.36,-2.32,3.73,111.45,U,111.77,Universitario Esports,N/A,N/A,270
Inside Games,ING,28,11.46,0.21,0.14,-7.25,1.86,95.79,I,110.39,Inside Games,Hitpoint Masters,EMEA,271
GNG Esports,GNG,21,16.71,0.33,0.33,-2.14,3.48,138.76,G,107.27,GNG Esports,Arabian League,EMEA,272
DFM Academy,DFM,20,13.95,0.3,0.35,-4.05,2.9,126.05,D,106.56,DFM Academy,LJL Academy,JAPAN,273
Boavista F.C,BFC,28,10.18,0.14,0.11,-8.29,2.18,91.75,B,106.23,Boavista F.C,Liga Portuguesa,EMEA,274
A One Man Army,AOMA,18,15.89,0.39,0.5,-0.11,4.17,133.28,A,106.1,A One Man Army,Elite Series,EMEA,275
Goskilla,GSK,7,19.43,0.86,0.86,6.14,5.57,124.14,G,105.36,Goskilla,Ultraliga,EMEA,276
SPIKE Syndicate,SPK,17,14.82,0.47,0.53,2,4.35,125.71,S,104.29,SPIKE Syndicate,Esports Balkan League,EMEA,277
Kanga Esports,KNG,27,9.63,0.19,0.19,-6.85,1.74,89.3,K,103.66,Kanga Esports,LCO,OCEANIA,278
Incubus,INC,22,17.36,0.55,0.68,3.55,4.18,129.64,I,103.29,Incubus,LLA,LATIN AMERICA,279
Apex Mission Impossible,AMI,19,14.63,0.42,0.47,-1.47,4.21,110.84,A,102.54,Apex Mission Impossible,LCS Challengers Qualifiers,NORTH AMERICA,280
AXZ Academy,AXZ,21,11.14,0.29,0.14,-5,3.14,106.33,A,101.28,AXZ Academy,LJL Academy,JAPAN,281
Ground Zero,GZ,24,11,0.21,0.25,-5.38,2.67,92.83,G,100.78,Ground Zero,LCO,OCEANIA,282
3BL Esports,3BL,17,13.41,0.29,0.24,-5.35,3.06,138.76,#,99.14,3BL Esports,Arabian League,EMEA,283
Komodo,KMD,12,15.17,0.33,0.33,-2.08,2.83,95.08,K,98.73,Komodo,LCS Challengers Qualifiers,NORTH AMERICA,284
Red Eyes Esports,RDY,20,15.45,0.4,0.45,0.05,3.6,109.6,R,98.58,Red Eyes Esports,N/A,N/A,285
19 Esports,19,27,17.3,0.56,0.63,3.52,3.7,113.59,#,98.28,19 Esports,N/A,N/A,286
BC Academy,BC,21,13.1,0.29,0.24,-5.67,3,110.48,B,95.91,BC Academy,LJL Academy,JAPAN,287
Vertex ESC,VTX,19,11.79,0.37,0.26,-5.11,2.79,110.47,V,94.15,Vertex ESC,LCO,OCEANIA,288
Team Mayan eSports,MYN,24,14.17,0.38,0.46,-1.33,2.96,107.96,T,92.9,Team Mayan eSports,N/A,N/A,289
Ramo Awake Gaming,AWK,21,14.9,0.33,0.38,-2.1,2.86,114.86,R,91.47,Ramo Awake Gaming,N/A,N/A,290
The Last Dance,LAST,40,6.95,0.1,0.07,-9.03,1.77,87.22,T,89.44,The Last Dance,LCS Challengers Qualifiers,NORTH AMERICA,291
Aguilas Doradas,AD,21,11.52,0.24,0.24,-4.95,2.19,92.05,A,87.3,Aguilas Doradas,N/A,N/A,292
Fox Gaming,FOX,17,13.29,0.41,0.41,-1.82,3.53,125.65,F,87.23,Fox Gaming,Arabian League,EMEA,293
Triple Esports,TE,20,12.35,0.4,0.25,-4.65,2.8,128.9,T,87.14,Triple Esports,Arabian League,EMEA,294
Genbu Gaming,GNGG,19,12.32,0.37,0.26,-5.58,3.21,109.53,G,86.55,Genbu Gaming,N/A,N/A,295
Maze Gaming,MAZ,18,15.11,0.44,0.5,-1.44,3.94,120.06,M,86.52,Maze Gaming,N/A,N/A,296
Polar Squad,PLS,20,17.55,0.3,0.45,-1.95,3.55,85.75,P,85.08,Polar Squad,N/A,N/A,297
The Agency,AGC,22,16.23,0.64,0.55,1.36,4.23,112.36,T,82.71,The Agency,Elite Series,EMEA,298
Macro Pampas,PAM,21,14.9,0.71,0.86,6.57,5.48,116.38,M,82.04,Macro Pampas,N/A,N/A,299
Diamond Doves,DD,15,14.07,0.33,0.33,-3.93,2.8,128.67,D,76.65,Diamond Doves,N/A,N/A,300
Barcelona BG,BBG,16,11.75,0.31,0.31,-2.81,2.94,110.62,B,72.39,Barcelona BG,N/A,N/A,301
Antares Esports,ANT,19,9.11,0.32,0.26,-5.84,2.32,119.32,A,72.02,Antares Esports,N/A,N/A,302
Fourth Wall,4W,14,14.71,0.43,0.36,-3.21,2.93,119.36,F,70.03,Fourth Wall,NLC,EMEA,303
Aethernum Esports,AET,16,10.44,0.12,0.06,-8.56,2.5,96.38,A,69.36,Aethernum Esports,N/A,N/A,304
Aporia,APR,8,12.75,0.25,0,-9.25,3,100,A,68.69,Aporia,LCS Challengers Qualifiers,NORTH AMERICA,305
Myth Esports,MYTH,14,12.57,0.36,0.29,-4.57,2.79,119.93,M,67.97,Myth Esports,Elite Series,EMEA,306
Keypulse Esports,KYP,14,11.43,0.29,0.29,-3.21,3.57,114.57,K,67.5,Keypulse Esports,Liga Portuguesa,EMEA,307
Teamless Revenge,TRV,14,20.07,0.14,0.43,-2.57,3,109.93,T,66.63,Teamless Revenge,LCS Challengers Qualifiers,NORTH AMERICA,308
Kelyx's Grandpa Gamers,OLD,14,16.43,0.36,0.43,-1.64,3.21,109.86,K,64.94,Kelyx's Grandpa Gamers,LCS Challengers Qualifiers,NORTH AMERICA,309
Mezexis Esports,MZS,14,11.86,0.43,0.43,1.07,3.71,147.36,M,63.78,Mezexis Esports,N/A,N/A,310
River Plate Gaming,RIV,15,14.33,0.6,0.6,2.6,5.27,135.53,R,63.52,River Plate Gaming,N/A,N/A,311
Skull Cracker Clan,SKC,14,12.64,0.14,0.14,-6.93,2.5,112.36,S,62.94,Skull Cracker Clan,N/A,N/A,312
Atheris Esports,ATH,19,14.53,0.58,0.47,-1.63,3.47,129.21,A,62.71,Atheris Esports,N/A,N/A,313
Team E Turner,TET,7,22.71,0.71,0.71,4.71,4.43,87.86,T,59.53,Team E Turner,LCS Challengers Qualifiers,NORTH AMERICA,314
ENEMI3S,NM3,14,12.57,0.29,0.14,-7.29,2.36,96.36,E,57.91,ENEMI3S,PG Nationals,EMEA,315
Native Gaming,N8V,15,16.47,0.6,0.6,1.93,4.2,120,N,56.17,Native Gaming,LCS Challengers Qualifiers,NORTH AMERICA,316
Miracle,MRC,14,13.71,0.64,0.43,-0.64,3.79,129.29,M,53.71,Miracle,LCS Challengers Qualifiers,NORTH AMERICA,317
GGEsports,GGE,14,10.93,0.21,0.14,-7.07,2.36,80.14,G,53.57,GGEsports,PG Nationals,EMEA,318
Gentle Hearts Gaming,GHG,8,17.25,0.38,0.5,-1.12,2.88,91.62,G,51.4,Gentle Hearts Gaming,LCS Challengers Qualifiers,NORTH AMERICA,319
The Kings,TK,16,10.12,0.38,0.31,-4.06,3.44,119.5,T,50.79,The Kings,LLA,LATIN AMERICA,320
Santiago Wanderers,SW,10,15.9,0.6,0.5,1.8,3.9,128.7,S,49.97,Santiago Wanderers,N/A,N/A,321
Boca Juniors Gaming,BOC,13,14.92,0.46,0.46,-0.62,4.38,124.46,B,48.65,Boca Juniors Gaming,N/A,N/A,322
CB Gaming,CBG,12,16.58,0.42,0.33,-3.58,3.75,109.67,C,48.36,CB Gaming,LCS Challengers Qualifiers,NORTH AMERICA,323
CB Gaming,CB,5,10.8,0.2,0.2,-7,3.2,119.2,C,48.36,CB Gaming,LCS Challengers Qualifiers,NORTH AMERICA,324
Rock Bottom Esports,ROCK,14,16.5,0.57,0.5,0.5,4,118.93,R,48.03,Rock Bottom Esports,LCS Challengers Qualifiers,NORTH AMERICA,325
The Cheese Chasers,NPC,10,17.7,0.6,0.5,0,4.3,103.2,T,45.17,The Cheese Chasers,LCS Challengers Qualifiers,NORTH AMERICA,326
Varona Esports,VAE,14,10.86,0.14,0.21,-7,2.29,93.93,V,45.03,Varona Esports,Liga Portuguesa,EMEA,327
Reven Esports,RVN,13,9,0.08,0.08,-10.31,1.31,88,R,44.73,Reven Esports,N/A,N/A,328
Benelux United,BLX,13,10.85,0.38,0.31,-4.69,3.15,91.62,B,43.7,Benelux United,Elite Series,EMEA,329
Zenigma,ZEN,13,15.85,0.38,0.38,-2,3.85,111.69,Z,42.89,Zenigma,LCS Challengers Qualifiers,NORTH AMERICA,330
Rebirth Esports,RBT,10,8.5,0.2,0.2,-5.7,2.5,126.4,R,42.21,Rebirth Esports,N/A,N/A,331
5 Ronin,5R,14,7.57,0.21,0.07,-8.43,2.36,84.29,#,40.2,5 Ronin,TCL,EMEA,332
The Kings Moon,TKM,13,8.31,0.31,0.23,-6.46,2.38,90.46,T,40.02,The Kings Moon,N/A,N/A,333
Maycam Evolve,EV,10,12.3,0.4,0.5,0.8,3.7,104.5,M,39.45,Maycam Evolve,N/A,N/A,334
War Legion Esports,WLE,10,11,0.2,0.2,-6,2.7,107.2,W,38.87,War Legion Esports,N/A,N/A,335
Newell's Esports,NOB,10,8.6,0.2,0,-8.4,2,101.5,N,37.8,Newell's Esports,N/A,N/A,336
Cruzados Esports,UC,12,12.08,0.67,0.5,-1.58,3.42,135.33,C,37.77,Cruzados Esports,N/A,N/A,337
XtremeDominators,XD,14,7.29,0.14,0,-11.21,1.21,78,X,36.02,XtremeDominators,Esports Balkan League,EMEA,338
University of St. Trevor,UST,10,17,0.5,0.5,1.7,4.6,121.8,U,34.62,University of St. Trevor,LCS Challengers Qualifiers,NORTH AMERICA,339
Conviction,CNV,9,15.22,0.22,0.22,-6.22,3.11,103.67,C,29.44,Conviction,LCS Challengers Qualifiers,NORTH AMERICA,340
Newstar,N5R,7,11,0.29,0.29,-1.86,4.43,158.29,N,28.59,Newstar,N/A,N/A,341
Vandals Esports,VAN,10,7.7,0,0,-10.3,1.1,104.3,V,28.47,Vandals Esports,N/A,N/A,342
Return of the Middlesticks,ROTM,7,15.29,0.43,0.29,-4.29,2.71,105.14,R,28.2,Return of the Middlesticks,LCS Challengers Qualifiers,NORTH AMERICA,343
Godel Gamers,GODL,8,14,0.38,0.5,-1.25,3.5,113.5,G,26.47,Godel Gamers,LCS Challengers Qualifiers,NORTH AMERICA,344
Cold Hearted,COLD,2,13.5,0.5,0.5,1,3,161.5,C,23.41,Cold Hearted,LCS Challengers Qualifiers,NORTH AMERICA,345
Froggy Five,FROG,8,11.25,0.5,0.38,-3.38,4.12,93.88,F,22.82,Froggy Five,LCS Challengers Qualifiers,NORTH AMERICA,346
Young Buffalos,YB,5,10.4,0.2,0.2,-8,2.6,71.6,Y,20.03,Young Buffalos,LCS Challengers Qualifiers,NORTH AMERICA,347
Horizon Gaming,HZG,7,17.43,0.29,0.43,-1.57,3.86,105.14,H,19.46,Horizon Gaming,LCS Challengers Qualifiers,NORTH AMERICA,348
Blue Otter,BOL,4,7.5,0.25,0,-8.25,2,88.5,B,13.92,Blue Otter,LCS Challengers Qualifiers,NORTH AMERICA,349
St. Clair College,SCC,5,9.2,0,0.2,-7.4,2.2,95,S,13.25,St. Clair College,College Championship,NORTH AMERICA,350
Mirage,MRGE,5,12,0.2,0.2,-5,2.8,127.2,M,10.78,Mirage,LCS Challengers Qualifiers,NORTH AMERICA,351
ISU Redbirds,ISU,4,11.25,0.25,0,-8,0.75,73.5,I,7.58,ISU Redbirds,LCS Challengers Qualifiers,NORTH AMERICA,352
PEACE,PCE,2,13,1,0.5,1.5,5,165.5,P,4.05,PEACE,Worlds,INTERNATIONAL,353
Team Plink,CAT,2,5,0,0,-7.5,1,86,T,0,Team Plink,LCS Challengers Qualifiers,NORTH AMERICA,354
